,Unnamed: 0,Performance,Video URL,video
0,0,1.106,https://fgimagestorage.blob.core.windows.net/facebook-assets/hd-999607261342550,Video/video_0.mp4
1,1,2.2447,https://fgimagestorage.blob.core.windows.net/facebook-assets/hd-997580728807604,Video/video_1.mp4
2,2,2.0126,https://fgimagestorage.blob.core.windows.net/facebook-assets/hd-992418235673669,Video/video_2.mp4
3,3,1.7708,https://fgimagestorage.blob.core.windows.net/facebook-assets/hd-992064161877405,Video/video_3.mp4
4,4,0.6293,https://fgimagestorage.blob.core.windows.net/facebook-assets/hd-991636695150147,Video/video_4.mp4
5,5,0.3461,https://fgimagestorage.blob.core.windows.net/facebook-assets/hd-989969399547901,Video/video_5.mp4
6,6,2.2595,https://fgimagestorage.blob.core.windows.net/facebook-assets/hd-989930303148492,Video/video_6.mp4
7,7,1.1227,https://fgimagestorage.blob.core.windows.net/facebook-assets/hd-989654009083459,Video/video_7.mp4
8,8,1.6355,https://fgimagestorage.blob.core.windows.net/facebook-assets/hd-989600295478567,Video/video_8.mp4
9,9,0.6434,https://fgimagestorage.blob.core.windows.net/facebook-assets/hd-989284361966196,Video/video_9.mp4
10,10,1.974,https://fgimagestorage.blob.core.windows.net/facebook-assets/hd-988185795921355,Video/video_10.mp4
11,11,1.5009,https://fgimagestorage.blob.core.windows.net/facebook-assets/hd-987643572956494,Video/video_11.mp4
12,12,1.4025,https://fgimagestorage.blob.core.windows.net/facebook-assets/hd-987287402378278,Video/video_12.mp4
13,13,0.333,https://fgimagestorage.blob.core.windows.net/facebook-assets/hd-987232088920289,Video/video_13.mp4
14,14,1.8499,https://fgimagestorage.blob.core.windows.net/facebook-assets/hd-986360206629277,Video/video_14.mp4
15,15,2.263,https://fgimagestorage.blob.core.windows.net/facebook-assets/hd-983335896508749,Video/video_15.mp4
16,16,0.4711,https://fgimagestorage.blob.core.windows.net/facebook-assets/hd-978448136455993,Video/video_16.mp4
17,17,1.8942,https://fgimagestorage.blob.core.windows.net/facebook-assets/hd-977008307250628,Video/video_17.mp4
18,18,0.429,https://fgimagestorage.blob.core.windows.net/facebook-assets/hd-975523146942238,Video/video_18.mp4
19,19,1.5853,https://fgimagestorage.blob.core.windows.net/facebook-assets/hd-967731231014052,Video/video_19.mp4
20,20,1.5842,https://fgimagestorage.blob.core.windows.net/facebook-assets/hd-966715248087290,Video/video_20.mp4
21,21,2.0997,https://fgimagestorage.blob.core.windows.net/facebook-assets/hd-966458824582483,Video/video_21.mp4
22,22,1.8586,https://fgimagestorage.blob.core.windows.net/facebook-assets/hd-966019214364727,Video/video_22.mp4
23,23,0.5496,https://fgimagestorage.blob.core.windows.net/facebook-assets/hd-965108935263649,Video/video_23.mp4
24,24,0.3276,https://fgimagestorage.blob.core.windows.net/facebook-assets/hd-964733417506862,Video/video_24.mp4
25,25,0.3814,https://fgimagestorage.blob.core.windows.net/facebook-assets/hd-963303392509872,Video/video_25.mp4
26,26,0.3103,https://fgimagestorage.blob.core.windows.net/facebook-assets/hd-960884234555681,Video/video_26.mp4
27,27,1.393,https://fgimagestorage.blob.core.windows.net/facebook-assets/hd-958774641659407,Video/video_27.mp4
28,28,1.3293,https://fgimagestorage.blob.core.windows.net/facebook-assets/hd-958675741960412,Video/video_28.mp4
29,29,1.5975,https://fgimagestorage.blob.core.windows.net/facebook-assets/hd-958267042213267,Video/video_29.mp4
30,30,0.6777,https://fgimagestorage.blob.core.windows.net/facebook-assets/hd-954832972830686,Video/video_30.mp4
31,31,0.6267,https://fgimagestorage.blob.core.windows.net/facebook-assets/hd-954440782897187,Video/video_31.mp4
32,32,1.1695,https://fgimagestorage.blob.core.windows.net/facebook-assets/hd-951885082053340,Video/video_32.mp4
33,33,0.2189,https://fgimagestorage.blob.core.windows.net/facebook-assets/hd-951491629353387,Video/video_33.mp4
34,34,0.924,https://fgimagestorage.blob.core.windows.net/facebook-assets/hd-946181943065342,Video/video_34.mp4
35,35,2.1427,https://fgimagestorage.blob.core.windows.net/facebook-assets/hd-944981830978756,Video/video_35.mp4
36,36,0.625,https://fgimagestorage.blob.core.windows.net/facebook-assets/hd-944755280756437,Video/video_36.mp4
37,37,2.0133,https://fgimagestorage.blob.core.windows.net/facebook-assets/hd-944160410298140,Video/video_37.mp4
38,38,1.4262,https://fgimagestorage.blob.core.windows.net/facebook-assets/hd-942779243913664,Video/video_38.mp4
39,39,1.9896,https://fgimagestorage.blob.core.windows.net/facebook-assets/hd-942524046763053,Video/video_39.mp4
40,40,1.4343,https://fgimagestorage.blob.core.windows.net/facebook-assets/hd-940634710428411,Video/video_40.mp4
41,41,0.743,https://fgimagestorage.blob.core.windows.net/facebook-assets/hd-939795907980426,Video/video_41.mp4
42,42,0.7173,https://fgimagestorage.blob.core.windows.net/facebook-assets/hd-938232524809973,Video/video_42.mp4
43,43,0.6871,https://fgimagestorage.blob.core.windows.net/facebook-assets/hd-937508703912579,Video/video_43.mp4
44,44,0.2011,https://fgimagestorage.blob.core.windows.net/facebook-assets/hd-937410954343974,Video/video_44.mp4
45,45,0.9191,https://fgimagestorage.blob.core.windows.net/facebook-assets/hd-935558767885747,Video/video_45.mp4
46,46,1.6515,https://fgimagestorage.blob.core.windows.net/facebook-assets/hd-935530867630269,Video/video_46.mp4
47,47,2.0666,https://fgimagestorage.blob.core.windows.net/facebook-assets/hd-935168780798574,Video/video_47.mp4
48,48,1.2673,https://fgimagestorage.blob.core.windows.net/facebook-assets/hd-933913194646448,Video/video_48.mp4
49,49,0.7001,https://fgimagestorage.blob.core.windows.net/facebook-assets/hd-933773150951550,Video/video_49.mp4
50,50,0.5158,https://fgimagestorage.blob.core.windows.net/facebook-assets/hd-932703258597949,Video/video_50.mp4
51,51,2.2497,https://fgimagestorage.blob.core.windows.net/facebook-assets/hd-932296771464171,Video/video_51.mp4
52,52,2.2362,https://fgimagestorage.blob.core.windows.net/facebook-assets/hd-932085787962122,Video/video_52.mp4
53,53,2.0555,https://fgimagestorage.blob.core.windows.net/facebook-assets/hd-932038864470963,Video/video_53.mp4
54,54,2.2847,https://fgimagestorage.blob.core.windows.net/facebook-assets/hd-930116227971248,Video/video_54.mp4
55,55,1.8266,https://fgimagestorage.blob.core.windows.net/facebook-assets/hd-929830031529018,Video/video_55.mp4
56,56,0.9358,https://fgimagestorage.blob.core.windows.net/facebook-assets/hd-929511878466995,Video/video_56.mp4
57,57,1.3256,https://fgimagestorage.blob.core.windows.net/facebook-assets/hd-929300948587514,Video/video_57.mp4
58,58,0.3247,https://fgimagestorage.blob.core.windows.net/facebook-assets/hd-925596815118953,Video/video_58.mp4
59,59,0.4572,https://fgimagestorage.blob.core.windows.net/facebook-assets/hd-925260332281638,Video/video_59.mp4
60,60,1.9042,https://fgimagestorage.blob.core.windows.net/facebook-assets/hd-924865635226814,Video/video_60.mp4
61,61,1.8667,https://fgimagestorage.blob.core.windows.net/facebook-assets/hd-924585008982148,Video/video_61.mp4
62,62,1.7492,https://fgimagestorage.blob.core.windows.net/facebook-assets/hd-621652523105267,Video/video_62.mp4
63,63,0.2689,https://fgimagestorage.blob.core.windows.net/facebook-assets/hd-621266003076530,Video/video_63.mp4
64,64,1.2383,https://fgimagestorage.blob.core.windows.net/facebook-assets/hd-620702145697389,Video/video_64.mp4
65,65,1.2875,https://fgimagestorage.blob.core.windows.net/facebook-assets/hd-620154813059921,Video/video_65.mp4
66,66,0.9139,https://fgimagestorage.blob.core.windows.net/facebook-assets/hd-618555366744628,Video/video_66.mp4
67,67,1.8351,https://fgimagestorage.blob.core.windows.net/facebook-assets/hd-6174004652651971,Video/video_67.mp4
68,68,0.7379,https://fgimagestorage.blob.core.windows.net/facebook-assets/hd-617288786873081,Video/video_68.mp4
69,69,0.3688,https://fgimagestorage.blob.core.windows.net/facebook-assets/hd-6172742522782221,Video/video_69.mp4
70,70,1.2673,https://fgimagestorage.blob.core.windows.net/facebook-assets/hd-613417017284998,Video/video_70.mp4
71,71,0.6284,https://fgimagestorage.blob.core.windows.net/facebook-assets/hd-613197413789434,Video/video_71.mp4
72,72,1.541,https://fgimagestorage.blob.core.windows.net/facebook-assets/hd-613152173490344,Video/video_72.mp4
73,73,1.1942,https://fgimagestorage.blob.core.windows.net/facebook-assets/hd-612555930635832,Video/video_73.mp4
74,74,0.5582,https://fgimagestorage.blob.core.windows.net/facebook-assets/hd-612426467555072,Video/video_74.mp4
75,75,0.2946,https://fgimagestorage.blob.core.windows.net/facebook-assets/hd-611188517518682,Video/video_75.mp4
76,76,2.1881,https://fgimagestorage.blob.core.windows.net/facebook-assets/hd-6107397609317402,Video/video_76.mp4
77,77,1.7413,https://fgimagestorage.blob.core.windows.net/facebook-assets/hd-6096104653784047,Video/video_77.mp4
78,78,1.1599,https://fgimagestorage.blob.core.windows.net/facebook-assets/hd-606237444463640,Video/video_78.mp4
79,79,1.4393,https://fgimagestorage.blob.core.windows.net/facebook-assets/hd-605272664726548,Video/video_79.mp4
80,80,0.2606,https://fgimagestorage.blob.core.windows.net/facebook-assets/hd-6046690562050296,Video/video_80.mp4
81,81,1.2,https://fgimagestorage.blob.core.windows.net/facebook-assets/hd-604285914607200,Video/video_81.mp4
82,82,1.5304,https://fgimagestorage.blob.core.windows.net/facebook-assets/hd-604041931565137,Video/video_82.mp4
83,83,0.4917,https://fgimagestorage.blob.core.windows.net/facebook-assets/hd-603099807587246,Video/video_83.mp4
84,84,0.2123,https://fgimagestorage.blob.core.windows.net/facebook-assets/hd-911926190614858,Video/video_84.mp4
85,85,1.887,https://fgimagestorage.blob.core.windows.net/facebook-assets/hd-911482386703699,Video/video_85.mp4
86,86,1.9529,https://fgimagestorage.blob.core.windows.net/facebook-assets/hd-911172609864769,Video/video_86.mp4
87,87,0.8536,https://fgimagestorage.blob.core.windows.net/facebook-assets/hd-910958533691058,Video/video_87.mp4
88,88,0.8701,https://fgimagestorage.blob.core.windows.net/facebook-assets/hd-909937876815529,Video/video_88.mp4
89,89,1.517,https://fgimagestorage.blob.core.windows.net/facebook-assets/hd-909110383822260,Video/video_89.mp4
90,90,0.3052,https://fgimagestorage.blob.core.windows.net/facebook-assets/hd-909067460285978,Video/video_90.mp4
91,91,0.5691,https://fgimagestorage.blob.core.windows.net/facebook-assets/hd-907416560296782,Video/video_91.mp4
92,92,0.9162,https://fgimagestorage.blob.core.windows.net/facebook-assets/hd-906909830682725,Video/video_92.mp4
93,93,0.5857,https://fgimagestorage.blob.core.windows.net/facebook-assets/hd-906506897404894,Video/video_93.mp4
94,94,0.9664,https://fgimagestorage.blob.core.windows.net/facebook-assets/hd-905844110841635,Video/video_94.mp4
95,95,0.239,https://fgimagestorage.blob.core.windows.net/facebook-assets/hd-905739711170399,Video/video_95.mp4
96,96,2.1973,https://fgimagestorage.blob.core.windows.net/facebook-assets/hd-905545323817883,Video/video_96.mp4
97,97,2.2575,https://fgimagestorage.blob.core.windows.net/facebook-assets/hd-904815481005158,Video/video_97.mp4
98,98,2.2526,https://fgimagestorage.blob.core.windows.net/facebook-assets/hd-904480964010630,Video/video_98.mp4
99,99,0.2472,https://fgimagestorage.blob.core.windows.net/facebook-assets/hd-904174908300812,Video/video_99.mp4
100,100,0.7601,https://fgimagestorage.blob.core.windows.net/facebook-assets/hd-903960640750545,Video/video_100.mp4
101,101,0.826,https://fgimagestorage.blob.core.windows.net/facebook-assets/hd-903913985069116,Video/video_101.mp4
102,102,0.3204,https://fgimagestorage.blob.core.windows.net/facebook-assets/hd-903060767715541,Video/video_102.mp4
103,103,1.2998,https://fgimagestorage.blob.core.windows.net/facebook-assets/hd-902843234362370,Video/video_103.mp4
104,104,1.3935,https://fgimagestorage.blob.core.windows.net/facebook-assets/hd-902456848100089,Video/video_104.mp4
105,105,1.158491558,https://fgimagestorage.blob.core.windows.net/facebook-assets/hd-902309670925392,Video/video_105.mp4
106,106,1.597343023,https://fgimagestorage.blob.core.windows.net/facebook-assets/hd-9020567984620018,Video/video_106.mp4
107,107,1.315073565,https://fgimagestorage.blob.core.windows.net/facebook-assets/hd-901695498551491,Video/video_107.mp4
108,108,1.106352436,https://fgimagestorage.blob.core.windows.net/facebook-assets/hd-901272811190482,Video/video_108.mp4
109,109,0.5819528639,https://fgimagestorage.blob.core.windows.net/facebook-assets/hd-899987727789409,Video/video_109.mp4
110,110,0.6845490809,https://fgimagestorage.blob.core.windows.net/facebook-assets/hd-8995485367146316,Video/video_110.mp4
111,111,0.8579937833,https://fgimagestorage.blob.core.windows.net/facebook-assets/hd-899155277883965,Video/video_111.mp4
112,112,1.003056946,https://fgimagestorage.blob.core.windows.net/facebook-assets/hd-898967424867870,Video/video_112.mp4
113,113,0.8497362533,https://fgimagestorage.blob.core.windows.net/facebook-assets/hd-898402801287469,Video/video_113.mp4
114,114,0.8449650735,https://fgimagestorage.blob.core.windows.net/facebook-assets/hd-898103501380741,Video/video_114.mp4
115,115,1.75239991,https://fgimagestorage.blob.core.windows.net/facebook-assets/hd-897680994566577,Video/video_115.mp4
116,116,1.66341735,https://fgimagestorage.blob.core.windows.net/facebook-assets/hd-897088088160051,Video/video_116.mp4
117,117,0.01280797851,https://fgimagestorage.blob.core.windows.net/facebook-assets/hd-896843165102015,Video/video_117.mp4
118,118,0.2748889276,https://fgimagestorage.blob.core.windows.net/facebook-assets/hd-896598988012982,Video/video_118.mp4
119,119,0.9346305652,https://fgimagestorage.blob.core.windows.net/facebook-assets/hd-896589688256009,Video/video_119.mp4
120,120,1.452785021,https://fgimagestorage.blob.core.windows.net/facebook-assets/hd-895042408159688,Video/video_120.mp4
121,121,0.1103471175,https://fgimagestorage.blob.core.windows.net/facebook-assets/hd-894559812351386,Video/video_121.mp4
122,122,1.745926628,https://fgimagestorage.blob.core.windows.net/facebook-assets/hd-894559522288371,Video/video_122.mp4
123,123,0.7471283111,https://fgimagestorage.blob.core.windows.net/facebook-assets/hd-894457734962164,Video/video_123.mp4
124,124,1.711303935,https://fgimagestorage.blob.core.windows.net/facebook-assets/hd-894066258497958,Video/video_124.mp4
125,125,1.283135824,https://fgimagestorage.blob.core.windows.net/facebook-assets/hd-893539262677484,Video/video_125.mp4
126,126,1.328680983,https://fgimagestorage.blob.core.windows.net/facebook-assets/hd-893173505441981,Video/video_126.mp4
127,127,0.8073520129,https://fgimagestorage.blob.core.windows.net/facebook-assets/hd-892383375224287,Video/video_127.mp4
128,128,0.7423658495,https://fgimagestorage.blob.core.windows.net/facebook-assets/hd-891684945300160,Video/video_128.mp4
129,129,0.4439299301,https://fgimagestorage.blob.core.windows.net/facebook-assets/hd-891661008828094,Video/video_129.mp4
130,130,0.2669706501,https://fgimagestorage.blob.core.windows.net/facebook-assets/hd-891391212618023,Video/video_130.mp4
131,131,0.03826139293,https://fgimagestorage.blob.core.windows.net/facebook-assets/hd-890166872024685,Video/video_131.mp4
132,132,1.791661411,https://fgimagestorage.blob.core.windows.net/facebook-assets/hd-890005255637433,Video/video_132.mp4
133,133,0.486699556,https://fgimagestorage.blob.core.windows.net/facebook-assets/hd-889728479746704,Video/video_133.mp4
134,134,1.341744679,https://fgimagestorage.blob.core.windows.net/facebook-assets/hd-889604775414234,Video/video_134.mp4
135,135,0.7384565508,https://fgimagestorage.blob.core.windows.net/facebook-assets/hd-889375178765113,Video/video_135.mp4
136,136,0.9060918685,https://fgimagestorage.blob.core.windows.net/facebook-assets/hd-888593019388197,Video/video_136.mp4
137,137,1.523076282,https://fgimagestorage.blob.core.windows.net/facebook-assets/hd-888183703182855,Video/video_137.mp4
138,138,0.3406172294,https://fgimagestorage.blob.core.windows.net/facebook-assets/hd-888062106715252,Video/video_138.mp4
139,139,1.129624317,https://fgimagestorage.blob.core.windows.net/facebook-assets/hd-888056015719840,Video/video_139.mp4
140,140,0.01668712856,https://fgimagestorage.blob.core.windows.net/facebook-assets/hd-887363366529815,Video/video_140.mp4
141,141,0.2970386252,https://fgimagestorage.blob.core.windows.net/facebook-assets/hd-886609482926268,Video/video_141.mp4
142,142,1.531954179,https://fgimagestorage.blob.core.windows.net/facebook-assets/hd-886049645973007,Video/video_142.mp4
143,143,0.6347656234,https://fgimagestorage.blob.core.windows.net/facebook-assets/hd-885689066019680,Video/video_143.mp4
144,144,1.350810507,https://fgimagestorage.blob.core.windows.net/facebook-assets/hd-885670366433640,Video/video_144.mp4
145,145,0.3478123897,https://fgimagestorage.blob.core.windows.net/facebook-assets/hd-885209946993560,Video/video_145.mp4
146,146,1.33170126,https://fgimagestorage.blob.core.windows.net/facebook-assets/hd-883738210384679,Video/video_146.mp4
147,147,0.8127453958,https://fgimagestorage.blob.core.windows.net/facebook-assets/hd-883246492824014,Video/video_147.mp4
148,148,1.74631201,https://fgimagestorage.blob.core.windows.net/facebook-assets/hd-882993126248062,Video/video_148.mp4
149,149,0.2661579575,https://fgimagestorage.blob.core.windows.net/facebook-assets/hd-8828692983838031,Video/video_149.mp4
150,150,0.8466512792,https://fgimagestorage.blob.core.windows.net/facebook-assets/hd-882867522830120,Video/video_150.mp4
151,151,1.203030112,https://fgimagestorage.blob.core.windows.net/facebook-assets/hd-882019143545185,Video/video_151.mp4
152,152,0.01392580132,https://fgimagestorage.blob.core.windows.net/facebook-assets/hd-881925359723909,Video/video_152.mp4
153,153,1.120662035,https://fgimagestorage.blob.core.windows.net/facebook-assets/hd-8816515918390519,Video/video_153.mp4
154,154,0.8796058911,https://fgimagestorage.blob.core.windows.net/facebook-assets/hd-881342303358042,Video/video_154.mp4
155,155,0.3190458432,https://fgimagestorage.blob.core.windows.net/facebook-assets/hd-881270063889884,Video/video_155.mp4
156,156,0.374089207,https://fgimagestorage.blob.core.windows.net/facebook-assets/hd-8806609246079208,Video/video_156.mp4
157,157,1.218346851,https://fgimagestorage.blob.core.windows.net/facebook-assets/hd-880568190186256,Video/video_157.mp4
158,158,0.08989470453,https://fgimagestorage.blob.core.windows.net/facebook-assets/hd-880340126836307,Video/video_158.mp4
159,159,1.469411339,https://fgimagestorage.blob.core.windows.net/facebook-assets/hd-8796411607036992,Video/video_159.mp4
160,160,1.380494758,https://fgimagestorage.blob.core.windows.net/facebook-assets/hd-879631723735807,Video/video_160.mp4
161,161,0.4078542222,https://fgimagestorage.blob.core.windows.net/facebook-assets/hd-879049300656635,Video/video_161.mp4
162,162,0.916973098,https://fgimagestorage.blob.core.windows.net/facebook-assets/hd-877975993416760,Video/video_162.mp4
163,163,1.783370252,https://fgimagestorage.blob.core.windows.net/facebook-assets/hd-877662697022279,Video/video_163.mp4
164,164,0.8350680416,https://fgimagestorage.blob.core.windows.net/facebook-assets/hd-877511836784655,Video/video_164.mp4
165,165,1.133658625,https://fgimagestorage.blob.core.windows.net/facebook-assets/hd-877210454387561,Video/video_165.mp4
166,166,0.5953271079,https://fgimagestorage.blob.core.windows.net/facebook-assets/hd-877129693575192,Video/video_166.mp4
167,167,0.7700681315,https://fgimagestorage.blob.core.windows.net/facebook-assets/hd-876239523982490,Video/video_167.mp4
168,168,0.5976988569,https://fgimagestorage.blob.core.windows.net/facebook-assets/hd-876121221160846,Video/video_168.mp4
169,169,0.8062072581,https://fgimagestorage.blob.core.windows.net/facebook-assets/hd-875485623676104,Video/video_169.mp4
170,170,1.515672416,https://fgimagestorage.blob.core.windows.net/facebook-assets/hd-874864704574925,Video/video_170.mp4
171,171,0.3508879776,https://fgimagestorage.blob.core.windows.net/facebook-assets/hd-874747697073121,Video/video_171.mp4
172,172,1.298933666,https://fgimagestorage.blob.core.windows.net/facebook-assets/hd-874543520932484,Video/video_172.mp4
173,173,1.765581794,https://fgimagestorage.blob.core.windows.net/facebook-assets/hd-874190910572544,Video/video_173.mp4
174,174,0.3204411223,https://fgimagestorage.blob.core.windows.net/facebook-assets/hd-874084244131796,Video/video_174.mp4
175,175,1.16988108,https://fgimagestorage.blob.core.windows.net/facebook-assets/hd-873560550525047,Video/video_175.mp4
176,176,1.574972531,https://fgimagestorage.blob.core.windows.net/facebook-assets/hd-873317140849832,Video/video_176.mp4
177,177,0.5852203306,https://fgimagestorage.blob.core.windows.net/facebook-assets/hd-873043573965895,Video/video_177.mp4
178,178,0.06080938182,https://fgimagestorage.blob.core.windows.net/facebook-assets/hd-872760463806517,Video/video_178.mp4
179,179,0.5093978621,https://fgimagestorage.blob.core.windows.net/facebook-assets/hd-872400620956045,Video/video_179.mp4
180,180,0.1616943748,https://fgimagestorage.blob.core.windows.net/facebook-assets/hd-872222594086011,Video/video_180.mp4
181,181,0.687434844,https://fgimagestorage.blob.core.windows.net/facebook-assets/hd-872188860590219,Video/video_181.mp4
182,182,1.488025251,https://fgimagestorage.blob.core.windows.net/facebook-assets/hd-871981848375866,Video/video_182.mp4
183,183,1.31634526,https://fgimagestorage.blob.core.windows.net/facebook-assets/hd-8715627171842855,Video/video_183.mp4
184,184,1.408069366,https://fgimagestorage.blob.core.windows.net/facebook-assets/hd-871286287458461,Video/video_184.mp4
185,185,0.8239037752,https://fgimagestorage.blob.core.windows.net/facebook-assets/hd-871185627435460,Video/video_185.mp4
186,186,1.103554713,https://fgimagestorage.blob.core.windows.net/facebook-assets/hd-871075730546911,Video/video_186.mp4
187,187,1.079066928,https://fgimagestorage.blob.core.windows.net/facebook-assets/hd-871037203883530,Video/video_187.mp4
188,188,0.4991974148,https://fgimagestorage.blob.core.windows.net/facebook-assets/hd-819765763526762,Video/video_188.mp4
189,189,1.512014945,https://fgimagestorage.blob.core.windows.net/facebook-assets/hd-818776323774715,Video/video_189.mp4
190,190,1.150571695,https://fgimagestorage.blob.core.windows.net/facebook-assets/hd-818462803696191,Video/video_190.mp4
191,191,0.1856626354,https://fgimagestorage.blob.core.windows.net/facebook-assets/hd-817768845898837,Video/video_191.mp4
192,192,1.71534782,https://fgimagestorage.blob.core.windows.net/facebook-assets/hd-817763467176157,Video/video_192.mp4
193,193,0.01187949995,https://fgimagestorage.blob.core.windows.net/facebook-assets/hd-817477363934899,Video/video_193.mp4
194,194,1.293575405,https://fgimagestorage.blob.core.windows.net/facebook-assets/hd-817475239730695,Video/video_194.mp4
195,195,1.741634304,https://fgimagestorage.blob.core.windows.net/facebook-assets/hd-817135236672734,Video/video_195.mp4
196,196,0.7957545427,https://fgimagestorage.blob.core.windows.net/facebook-assets/hd-816335920524988,Video/video_196.mp4
197,197,1.679032651,https://fgimagestorage.blob.core.windows.net/facebook-assets/hd-815391233916449,Video/video_197.mp4
198,198,1.30342631,https://fgimagestorage.blob.core.windows.net/facebook-assets/hd-814072014151046,Video/video_198.mp4
199,199,0.8280654343,https://fgimagestorage.blob.core.windows.net/facebook-assets/hd-813828049840959,Video/video_199.mp4
200,200,1.724557255,https://fgimagestorage.blob.core.windows.net/facebook-assets/hd-811606650922029,Video/video_200.mp4
201,201,0.5342824908,https://fgimagestorage.blob.core.windows.net/facebook-assets/hd-8111507755613955,Video/video_201.mp4
202,202,0.6418494688,https://fgimagestorage.blob.core.windows.net/facebook-assets/hd-8100667816697710,Video/video_202.mp4
203,203,1.641111881,https://fgimagestorage.blob.core.windows.net/facebook-assets/hd-809480737932683,Video/video_203.mp4
204,204,0.811158994,https://fgimagestorage.blob.core.windows.net/facebook-assets/hd-808321904744283,Video/video_204.mp4
205,205,0.4548633707,https://fgimagestorage.blob.core.windows.net/facebook-assets/hd-808097524590260,Video/video_205.mp4
206,206,0.02246290137,https://fgimagestorage.blob.core.windows.net/facebook-assets/hd-807800198130528,Video/video_206.mp4
207,207,1.069401708,https://fgimagestorage.blob.core.windows.net/facebook-assets/hd-806751788307038,Video/video_207.mp4
208,208,0.3984057301,https://fgimagestorage.blob.core.windows.net/facebook-assets/hd-8057957437624799,Video/video_208.mp4
209,209,1.509995212,https://fgimagestorage.blob.core.windows.net/facebook-assets/hd-803990118540094,Video/video_209.mp4
210,210,0.01464474107,https://fgimagestorage.blob.core.windows.net/facebook-assets/hd-803897110603133,Video/video_210.mp4
211,211,0.6380125015,https://fgimagestorage.blob.core.windows.net/facebook-assets/hd-802443478544141,Video/video_211.mp4
212,212,1.499374534,https://fgimagestorage.blob.core.windows.net/facebook-assets/hd-8008073409211713,Video/video_212.mp4
213,213,0.03914690251,https://fgimagestorage.blob.core.windows.net/facebook-assets/hd-7995631707140182,Video/video_213.mp4
214,214,1.152062484,https://fgimagestorage.blob.core.windows.net/facebook-assets/hd-797179088937277,Video/video_214.mp4
215,215,1.776014381,https://fgimagestorage.blob.core.windows.net/facebook-assets/hd-797024995612413,Video/video_215.mp4
216,216,1.137190885,https://fgimagestorage.blob.core.windows.net/facebook-assets/hd-796944101940903,Video/video_216.mp4
217,217,1.50274511,https://fgimagestorage.blob.core.windows.net/facebook-assets/hd-793257836073148,Video/video_217.mp4
218,218,1.009444041,https://fgimagestorage.blob.core.windows.net/facebook-assets/hd-791572172961239,Video/video_218.mp4
219,219,1.649137745,https://fgimagestorage.blob.core.windows.net/facebook-assets/hd-790055392972248,Video/video_219.mp4
220,220,1.74217822,https://fgimagestorage.blob.core.windows.net/facebook-assets/hd-789793989900194,Video/video_220.mp4
221,221,0.1227666218,https://fgimagestorage.blob.core.windows.net/facebook-assets/hd-789715035654710,Video/video_221.mp4
222,222,1.319179105,https://fgimagestorage.blob.core.windows.net/facebook-assets/hd-786610583313461,Video/video_222.mp4
223,223,0.7399450167,https://fgimagestorage.blob.core.windows.net/facebook-assets/hd-696006115320413,Video/video_223.mp4
224,224,0.446774887,https://fgimagestorage.blob.core.windows.net/facebook-assets/hd-695130362192250,Video/video_224.mp4
225,225,0.8745978795,https://fgimagestorage.blob.core.windows.net/facebook-assets/hd-694675672308301,Video/video_225.mp4
226,226,1.413596806,https://fgimagestorage.blob.core.windows.net/facebook-assets/hd-693988272279384,Video/video_226.mp4
227,227,0.3549554897,https://fgimagestorage.blob.core.windows.net/facebook-assets/hd-691857912087615,Video/video_227.mp4
228,228,0.5110380912,https://fgimagestorage.blob.core.windows.net/facebook-assets/hd-691581235967071,Video/video_228.mp4
229,229,1.091738912,https://fgimagestorage.blob.core.windows.net/facebook-assets/hd-691252805779835,Video/video_229.mp4
230,230,1.699273052,https://fgimagestorage.blob.core.windows.net/facebook-assets/hd-690670309134450,Video/video_230.mp4
231,231,0.09149342469,https://fgimagestorage.blob.core.windows.net/facebook-assets/hd-690541956158254,Video/video_231.mp4
232,232,0.0101850211,https://fgimagestorage.blob.core.windows.net/facebook-assets/hd-689771035910864,Video/video_232.mp4
233,233,1.20137653,https://fgimagestorage.blob.core.windows.net/facebook-assets/hd-689599909618915,Video/video_233.mp4
234,234,1.49647954,https://fgimagestorage.blob.core.windows.net/facebook-assets/hd-689363059404444,Video/video_234.mp4
235,235,1.206599382,https://fgimagestorage.blob.core.windows.net/facebook-assets/hd-688887926060399,Video/video_235.mp4
236,236,0.9205068088,https://fgimagestorage.blob.core.windows.net/facebook-assets/hd-687665956347322,Video/video_236.mp4
237,237,0.921544845,https://fgimagestorage.blob.core.windows.net/facebook-assets/hd-687024156350870,Video/video_237.mp4
238,238,0.6098934644,https://fgimagestorage.blob.core.windows.net/facebook-assets/hd-686488653080244,Video/video_238.mp4
239,239,1.59616478,https://fgimagestorage.blob.core.windows.net/facebook-assets/hd-686083626588321,Video/video_239.mp4
240,240,1.05112095,https://fgimagestorage.blob.core.windows.net/facebook-assets/hd-684364333171304,Video/video_240.mp4
241,241,1.419538139,https://fgimagestorage.blob.core.windows.net/facebook-assets/hd-684264882912286,Video/video_241.mp4
242,242,0.8359455142,https://fgimagestorage.blob.core.windows.net/facebook-assets/hd-6837957766319053,Video/video_242.mp4
243,243,0.114521202,https://fgimagestorage.blob.core.windows.net/facebook-assets/hd-682791943270614,Video/video_243.mp4
244,244,0.486412995,https://fgimagestorage.blob.core.windows.net/facebook-assets/hd-682596103528135,Video/video_244.mp4
245,245,0.05643491934,https://fgimagestorage.blob.core.windows.net/facebook-assets/hd-680549530054789,Video/video_245.mp4
246,246,0.8576906807,https://fgimagestorage.blob.core.windows.net/facebook-assets/hd-680540137074841,Video/video_246.mp4
247,247,0.6430347048,https://fgimagestorage.blob.core.windows.net/facebook-assets/hd-680162593779089,Video/video_247.mp4
248,248,1.527649956,https://fgimagestorage.blob.core.windows.net/facebook-assets/hd-679261516829908,Video/video_248.mp4
249,249,1.624039211,https://fgimagestorage.blob.core.windows.net/facebook-assets/hd-678133704039459,Video/video_249.mp4
250,250,0.02984529255,https://fgimagestorage.blob.core.windows.net/facebook-assets/hd-676770877464110,Video/video_250.mp4
251,251,0.6508269415,https://fgimagestorage.blob.core.windows.net/facebook-assets/hd-6764280623620361,Video/video_251.mp4
252,252,0.9521306577,https://fgimagestorage.blob.core.windows.net/facebook-assets/hd-673961584214053,Video/video_252.mp4
253,253,0.2182380034,https://fgimagestorage.blob.core.windows.net/facebook-assets/hd-6720438181324436,Video/video_253.mp4
254,254,1.414640234,https://fgimagestorage.blob.core.windows.net/facebook-assets/hd-671839840899900,Video/video_254.mp4
255,255,0.9815645466,https://fgimagestorage.blob.core.windows.net/facebook-assets/hd-429145826826558,Video/video_255.mp4
256,256,0.9443715073,https://fgimagestorage.blob.core.windows.net/facebook-assets/hd-427878012859864,Video/video_256.mp4
257,257,0.6867214292,https://fgimagestorage.blob.core.windows.net/facebook-assets/hd-426644026275739,Video/video_257.mp4
258,258,0.4933994499,https://fgimagestorage.blob.core.windows.net/facebook-assets/hd-425151876539382,Video/video_258.mp4
259,259,1.447328686,https://fgimagestorage.blob.core.windows.net/facebook-assets/hd-424802420355057,Video/video_259.mp4
260,260,1.29620894,https://fgimagestorage.blob.core.windows.net/facebook-assets/hd-424394867097391,Video/video_260.mp4
261,261,1.539206183,https://fgimagestorage.blob.core.windows.net/facebook-assets/hd-1698824364241828,Video/video_261.mp4
262,262,1.049259464,https://fgimagestorage.blob.core.windows.net/facebook-assets/hd-1693566687752051,Video/video_262.mp4
263,263,0.713897325,https://fgimagestorage.blob.core.windows.net/facebook-assets/hd-1689212771862832,Video/video_263.mp4
264,264,0.02133211781,https://fgimagestorage.blob.core.windows.net/facebook-assets/hd-1685108828975354,Video/video_264.mp4
265,265,1.314748194,https://fgimagestorage.blob.core.windows.net/facebook-assets/hd-1119706949586170,Video/video_265.mp4
266,266,1.393204392,https://fgimagestorage.blob.core.windows.net/facebook-assets/hd-1119272995406354,Video/video_266.mp4
267,267,0.9213425999,https://fgimagestorage.blob.core.windows.net/facebook-assets/hd-1118763132933218,Video/video_267.mp4
